ESTADO,DISTRITO,PARTIDO_CI,CANDIDATURA_PROPIETARIA,CANDIDATURA_SUPLENTE
9,1,PT-MORENA,ALBERTO MARTINEZ URINCHO,ALBERTO RANGEL MORENO
9,1,PVEM,LORENZO CARRILLO GONZALEZ,JORGE GARCIA VELAZQUEZ
9,1,ELIGE,DAVID VERA ABARCA,MARIA FERNANDA REYES GALLARDO
9,1,PES,CITLALI SÁNCHEZ ACEVEDO,BRENDA NATHALY RODRÍGUEZ LORA
9,1,FXM,JORGE CRUZ GARCÍA ,MICHAEL AZHAEL ROJAS LOPEX
9,1,MOVIMIENTO CIUDADANO,ELIZABETH VAZQUEZ GARCÍA,LIDIA DE LA CRUZ MATÍNEZ
9,1,PRI-PRD,FACUNDO DOMINGO FUENTES LÓPEZ,MARIO ALFARO RESENDIZ
9,1,PAN,MIRIAM VILLANUEVA RESENDIZ,MARISOL ADRIANA RESENDIZ MARTINEZ
9,1,RSP,IVAN UBALDO AVILA MENENDEZ,EDUARDO ABEL MIER AGUILEREA
9,2,PT-MORENA,JOSE ALBERTO BENAVIDES CASTAÑEDA,CESAR OCTAVIO MUÑOZ CUEVAS
9,2,PVEM,CARLOS CASTILLO RANGEL,JAIME ORDOÑEZ GRANJA
9,2,ELIGE,FE GUADALUPE ESTRADA LEON,LIA YUNUET ROA SEGURA 
9,2,PES,ANDER CASTRO RAMOS,PAMELA BERENICE RAMIREZ MORALES
9,2,FXM,KARLA ALMAZA GARCIA,ARELY GUTIERREZ ESPAÑA
9,2,MOVIMIENTO CIUDADANO,ELDA ROSA DUARTE USCANGA,ITALIA LAURA TERRON LOPEZ
9,2,PAN-PRI-PRD,DIEGO ORLANDO GARRIDO LOPEZ,CESAR MAURICIO GARIDO LÓPEZ
9,2,RSP,JUAN PABLO AGUILERA MARTINEZ,SERGIO ANTONIO RAMÍREZ PÉREZ
9,3,PT-MORENA,NANCY MARLENE NUÑEZ RESENDIZ,LUZ MARIA LÓPEZ MULIA
9,3,PVEM,SERGIO PALACIOS TREJO,FERNANDO MAGAÑA TORRES
9,3,ELIGE,JOSÉ LUIS ZANELA SIERRA,REYNA GUADALUPE MONTES DE OCA FLORES
9,3,PES,BIBIANA CAMACHO LOPEZ,JANET CARINA ALVARADO CRUZ
9,3,FXM,RODRIGO MENÉNDEZ ROLDAN,LUISA FERNANDA LEDESMA ALPIZAR 
9,3,MOVIMIENTO CIUDADANO,KARLA SARAHI ROMERO TREJO,ERICKA ZALDIVAR PEREZ
9,3,PAN-PRI-PRD,MARIA DE LOS ANGELES PALAFOX MORALES,MARCELA VALERIA VERGARA HERNANDEZ 
9,3,RSP,MARÍA FELISA ZAMORA GARCÍA,ANAIZ SAAVEDRA ZAMORA
9,4,PT-MORENA,Nazario Norberto Sánchez,EDGAR SANCHEZ PÉREZ
9,4,PVEM,Brandon Uriel González Martínez,ALAN CAZARES GALÁN
9,4,ELIGE,KARINA YOSSLYN GONZÁLEZ LUCIANO,ABELINE MARISOL PÉREZ BALTAZAR
9,4,PES,Juan Carlos Barillas Cervantes,HUGO ROBERTO HERNANDEZ PEREZ
9,4,FXM,VANILLI RUBÉN COLIN ÁNGELES,ERNESTO ALONSO DAMIÁN
9,4,MOVIMIENTO CIUDADANO,Roberto Rebollo Vivero,DIEGO EDUARDO ALVAREZ RAMIREZ
9,4,PAN,Diana Karime Raya Govea,KARINA ISABEL REYES FLORES
9,4,PRD,Ricardo Janecarlo Lozano Reynoso,ISRAEL RAMIREZ MOSQUEDA
9,4,PRI,Ángel Gutiérrez Javier,FERNANDO GÓMEZ MIRANDA
9,4,RSP,LAURA ZARATE GONZÁLEZ,CARLA ESTHEFANY PUNTOS VARGAS
9,5,PVEM -PT-MORENA,JESUS SESMA SUAREZ,JAVIER RAMOS FRANCO
9,5,ELIGE,MARIANA EDITH BALLESTEROS HERTA,KIMBERLY RELSTAB JIMÉNEZ
9,5,PES,JOSE FRANCISCO CARMELO AUGUSTO SOSA NOREÑA,ERICK CHAVARRÍA CASTAÑEDA
9,5,FXM,JUAN PABLO CARDENAS BACA,CESAR CARLOS VALENCIA SANDOVAL
9,5,MOVIMIENTO CIUDADANO,MARIANA ZUÑIGA MARTINEZ,VICTORIA ALEJANDRA LÓPEZ GUTIERREZ
9,5,PRI-PRD,MARIANA GÓMEZ ROMÁN,LAURA MERCEDES CARRERA GARCÍA
9,5,PAN,MARÍA GABRIELA SALIDO MAGOS,VANIA YAEL GONZÁLEZ VELOZ
9,5,RSP,MARCO ANTONIO PEREZ CABARROCA,DIEGO LÓPEZ RAMÍREZ
9,5,SIN PARTIDO,JOSE LUIS SALCEDO BARRON,MIGUEL ESTRADA DOMÍNGUEZ
9,6,PT-MORENA,YURI AYALA ZUÑIGA ,SANDY HERNÁNDEZ MERCADO
9,6,PVEM,ERASTO JOEL HERNANDEZ PEREZ,BRAULIO FRANCISCO MENA PALACIOS
9,6,ELIGE,GEMA MARTINEZ PANHUAYA,MARGARITA HERNANDEZ ESPEJEL
9,6,PES,MARIA DEL ROCIO FLORES CERVANTES,MARÍA DEL SOCORRO DE LA GUERRA MARTÍNEZ
9,6,FXM,HUGO CAMPUZANO LEON,SANDRA IRENE RAMOS SANCHEZ
9,6,MOVIMIENTO CIUDADANO,FRANCISCO JAVIER TAFOYA GARCIA ,ODIN MIGUEL BOBADILLA CAMACHO
9,6,PAN-PRI-PRD,JORGE GAVIÑO AMBRIS,MIGUEL ANGEL MORALES NORBERTO
9,6,RSP,GERARDO ROJAS PÉREZ,OMAR LUCIO FLÓRES HERNÁNDEZ
9,7,PT-MORENA,JOSE OCTAVIO RIVERO VILLASEÑOR,RAMON CASTRO ESCOBEDO
9,7,PVEM,ALBERTO ABRAHAM MELO TORRES,FELIPE BELTRÁN PACHECO
9,7,ELIGE,MAYELI CALDIÑO ROSETE,KAREN MOINA ÁLVAREZ
9,7,PES,EDSON ANTONIO CADEENAS MARTÍNEZ,JESÚS OLVERA FERNÁNDEZ
9,7,FXM,VIANEY GUZMAN CORTINEZ ,ITZEL CABALLERO GONZÁLEZ
9,7,MOVIMIENTO CIUDADANO,CRISTIAN ALEJANDRO PALMA VALDEZ,JORGE ALEJANDRO CUETO TRUJILLO
9,7,PAN-PRI-PRD,EMILIANO AGUILAR ESQUIVEL,VIRIDIANA MEZA OLIVARES
9,7,RSP,NATALY ARELY LEYVA HERNÁNDEZ,ALMA DANIELA DE LA TORRE ORTIZ
9,8,PT-MORENA,ADRIANA MARIA GUADALUPE ESPINOSA DELOS MONTEROS GARCÍA,LILIANA TORRES GALICIA
9,8,PVEM,MIRIAM JIMENEZ MARTINEZ,PAMELA JANIN LÓPEZ GLORIA
9,8,ELIGE,CARLOS ALBERTO PARTIDA SALGADO,JUDITH ELIZABETH IBAÑEZ GARCÍA
9,8,PES,TERESA RAMOS ARREOLA,JENNIFER KARINA RIOS RODRÍGUEZ
9,8,FXM,PAMAELA SANCHEZ VÁZQUEZ,MARLEN ISAGUIRRE BAÑOS
9,8,MOVIMIENTO CIUDADANO,LIDIA YESSICA ZAMORA MENDOZA,SAHIAN GUADALUOE DÁVILA HERNÁNDEZ 
9,8,PAN-PRI-PRD,TALIA STEFANY RINCÓN MARTÍNEZ,ROSA VÉRONICA CRUZ CABREBA
9,8,RSP,CARLOS CHAVEZ VARGAS,RICARDO CAMACHO ROSALES
9,9,PT-MORENA,MARCO ANTONIO TEMISTOCLES VILLANUEVA RAMOS,MIRIAM ELIZABETH LÓPEZ CASTELLANOS
9,9,PVEM,AGUSTIN TORRES PEREZ,MARIA DEL ROCÍO  HERNANDEZ EUSEBIO
9,9,ELIGE,ARTEMIO RIVERA RANGEL,BLANCA IVÓN RIVERA ESCALONA
9,9,PES,MARÍA VIRGINIA HERNANDEZ MARTINEZ,NANCY FREEMAN BRISEÑO
9,9,FXM,SANDRA PAOLA ROSAS PERÉS,GIOVANNA ABIGAIL CHÁVEZ FLORES
9,9,MOVIMIENTO CIUDADANO,MARIA TERESA ROMERO MEJÍA ,ANA AIMEE ZALDIVAR QUIZAMAN
9,9,PAN-PRI-PRD,ESTHER  SILVIA SÁNCHEZ BARRIOS,WESLY CHANTAL JIMÉNEZ HERNANDEZ
9,9,RSP,IVON KARINA LÓPEZ HERNÁNDEZ,CYNTHIA FLORES TAPIA
9,9,C-I,RICARDO LUIS PARADA RAMIREZ,
9,10,PT-MORENA,MARIA GUADALUPE MORALES RUBIO,MARIA GUADALUPE LAUDO FERNANDEZ
9,10,PVEM,BRENDA KAREM GARCÍA LARIZ,MARÍA LIBERTAD XIMENA SANCHEZ LAZO MARTÍNEZ
9,10,ELIGE,ANA CLAUDIA PACHECO VILLASEÑOR,DANIA KARINA BERNABÉ GONZÁLEZ
9,10,PES,GRACIELA MARTINEZ ORTEGA ,DULCE MARIA ROSAS CALDERON 
9,10,FXM,JUAN CARLOS PASTRANA MANCERA,ARIEL PRAKXEDIS GONZALEZ SANCHEZ
9,10,MOVIMIENTO CIUDADANO,DANIEL CRUZ RUIZ,JOSE ANTONIO RODRIGUEZ CALLEJAS
9,10,PAN-PRI-PRD,MONICA FERNANDEZ CESAR,YOLANDA JUDITH TELLEZ BARRAGAN
9,10,RSP,RICARDO DAVID VALDERRAMA CARBAJAL ,GUILLERMO IBARRA MOLINA
9,11,PT-MORENA,MARIA DE LOURDES PAZ REYES ,BLANCA ELIZABETH SANCHEZ GONZALEZ
9,11,PVEM,MARIO SANTELIZ MARTINEZ,CARLOS GARCIA LOPEZ
9,11,ELIGE,SANDRA GONZALEZ PÉREZ,MARIA LETICIA SERRANO ÁLVAREZ
9,11,PES,ADRIANA RAYA ORTEGA,JACQUELINE CHAVEX SANCHEZ
9,11,FXM,FATIMA GABRIELA RODRÍGUEZ ROMERO,LUZ ARANTZA REYES DE ANDA
9,11,MOVIMIENTO CIUDADANO,ALEJANDRO RAFAEL PIÑA MEDINA,JOSE ALFREDO TORRES CHÁVEZ
9,11,PAN-PRI-PRD,MONICA JESSICA MENOCAL DEL MORAL,FABIOLA MENOCAL DEL MORAL
9,11,RSP,GABRIEL RICARDO ROJAS CERVANTES ,HUGO BRONTYS PÉREZ RAMÍREZ
9,12,PT-MORENA,JOSE UIS RODRÍGUEZ DÍAZ DE LEÓN,FRANCISCO MEDINA PADILLA
9,12,PVEM,NORMA ANGELICA DÍAZ GÓMEZ,CINTHIA CLEMENTE CLEMENTE
9,12,ELIGE,MIGUEL CHAVEZ BENITEZ,CINTHYA MONSERRAT MONTOYA PELCASTRE
9,12,PES,JUAN MANUEL MARTINEZ PEREZ,JUAN SANTIAGO VELAZQUEZ
9,12,FXM,ARMANDO RIOS PITER,ALBERTO ISRAEL ALVAREZ SUAREZ 
9,12,MOVIMIENTO CIUDADANO,AURELIEN BENJAMIN GUILABERT X,HERNY RAYMOND DONNADIEU CAMERA
9,12,PAN-PRI-PRD,MAX IRAIS GONZALEZ CARILLO,KAREN LETICIA CELEDONIO ÁLVAREZ
9,12,RSP,HUGO ENRIQUE LÓPEZ ROMERO,ULISES HOMERO JIMÉNEZ CARMONA
9,12,C-I,ANGELICA MARIA HAHN PABON,QUETZAL CASTRO MONTALVO
9,13,PT-MORENA,ULISES LABRADOR HERNANDEZ MARGO,YAIR FIGUEROA SANDOVAL
9,13,PVEM,PIA DANIELAHERRERA MISTRETTA,ERIKA YAZMIN RODRIGUEZ GUZMAN
9,13,ELIGE,DANIELA MICHELLE DÌAZ BARRIOS,ELVIRA ARCELIA FLORE AMEZCUA
9,13,PES,ALFONSO EVARISTO HERNANDEZ  DE ANDA,MARIO VALEZ REYNA
9,13,FXM,THAIS ISADORA CRUZ FLORES,NANCY AGUILERA GARCIA
9,13,MOVIMIENTO CIUDADANO,RODRIGO SAVAL PASQUEL ,JOSE EVERARDO FONSECA LOPEZ
9,13,PRI-PRD,ROSA ELENA GARFIAS GARCIA,BRENDA IVONNE GARCIA MARTINEZ
9,13,PAN,AMERICA ALEJANDRA RANGEL LORENZANA,GABRIELA ECHEGOYEN ALMAZAN
9,13,RSP,JOSE LUIS ARDENAS CORTES,ROBERTO DE JESÚS VELÁZQUEZ LOZANO
9,14,PT-MORENA,CARLOS HERNANDEZ MIRON ,JONATHAN MEDINA LARA
9,14,PVEM,XIMENA LOPEZ RODRÍGUEZ,ANLLY YEIMY MARIN MENDOZA
9,14,ELIGE,JUAN MANUEL GUERRERO ALMARAZ,KARLA ANDREA SANCHEZ VAZQUEZ 
9,14,PES,FELIPE DE JESUS SANCHEZ LUJANO,MARIO ARTURO PADILLA FELIX
9,14,FXM,JERSON IBZAN GARCÍA SEGURA,PORFIRIO ZAVALA GÓMEZ
9,14,MOVIMIENTO CIUDADANO,RAÚL HERNANDEZ VEGA,DANIEL RAMÍREZ MORALES
9,14,PAN,LUIS ALBERTO CHÁVEZ GARCÍA,FRIDA FERNANDA ALCANTARA CABRERA
9,14,PRD,ALBERTO CABALLERO PALACIOS,JOSE CUAUTEMOC SERAFIN HERNANDEZ
9,14,PRI,ALEJANDRO ARGUELLES ALMONTES,PEDRO IGNACIO CASTRO ENRIQUEZ
9,14,RSP,OMAR MARTINEZ FLOREZ,HELADIO BAHENA MARTÍNEZ
9,15,PT-MORENA,MARCELA FUENTES CASTILLO,LINDA TLALI VILLALPANDO DEL PRADO
9,15,PVEM,ELIZABETH MATEOS HERNANDEZ,MARTHA PATRICIA AGUILAR RAMIREZ
9,15,ELIGE,JULIO CESAR MONTOYA ALPIZAR,LIZBETH MARIEL VERGARA RAMOS
9,15,PES,MARTHA ADRIANA AMAYA COSIO,KAREN LIZETTE VILLARREAL FLORES
9,15,FXM,LETICIA GUERRERO LOPEZ,ANABEL MARCELA OLIVER ALONSO
9,15,MOVIMIENTO CIUDADANO,JUDITH ALICIA GONEZ GARCIA ,SARAHI KAREN GARCA SANCHEZ
9,15,PAN,FERNANDO BELAUNZARAN MENDEZ,ANGEL LUNA PACHECO
9,15,PRD,DAVID RICARDO NAVA MARTINEZ,DAVID COSSIO GARCIA 
9,15,PRI,JESSICA MORALES GARCIA ,KAREN VIRIDIANA VALENCIA JIMENEZ
9,15,RSP,ANA RAQUEL ESPINOZA GONZÁLEZ,ADELA MARTÍNEZ SERRANO
9,16,PT-MORENA,Xóchitl Bravo Espinosa,Maribel Cruz Cruz
9,16,PVEM,ANTONILA SALAS GONZÁLEZ,Concepción Serna Montes
9,16,ELIGE,Yesenia Mérida Eslava,Corina Pérez Ortiz
9,16,PES,"Areli Genoveva Hernández González	",Sandra Martínez Castañon
9,16,FXM,Pedro Enrique  Haces Lago,Alicia García  Hernández
9,16,MOVIMIENTO CIUDADANO,Jorge Perez Rodriguez Y Perez,Angel Noé Mendoza  Arzate
9,16,PAN-PRI-PRD,Daniela Gicela Álvarez Camacho,María Elena Sandoval Torres
9,16,RSP,César del Ángel Terrazas Rojas,Julio César Rubio Flores
9,17,PT-MORENA,Renata Turrent Hegewisch,Zianya Martínez Nataret
9,17,PVEM,Rosa Sugchey Cabrera Ábrego,Melina Angélica Velázquez González
9,17,ELIGE,Héctor Estuardo Menabrito Ferraez,Tania Arenas  Madrigal
9,17,PES,Laura Patricia De Luna Aguilar,Sandra Salazar Corzo
9,17,FXM,Georgina Erendira Cruz García,Deyanira Ángel  Razo
9,17,MOVIMIENTO CIUDADANO,Ana Paola Lara Páz,Oralia  Galindo Cadena
9,17,PAN,Christian Damián Von Roehrich De la Isla,Federico Chávez Semerena
9,17,PRD,Kilauren Paulina Cobos Lázaro,Mariana Zamora Ocampo
9,17,PRI,René Enrique Vivanco Balp ,Víctor Hugo Jurado Caropreso
9,17,RSP,José Alfredo Díaz Herrera,Alfonso Godínez Malagón
9,18,PT-MORENA,Valentina Valia Batres Guadarrama,Perla Guadalupe Robles Vázquez
9,18,PVEM,Enrique Muñoz Robles,Norma Angélica Ponce Proo
9,18,ELIGE,MIGUEL ÁNGEL ESCALANTE MACHADO,ANTONIO VENTURA GONZÁLEZ
9,18,PES,Gerián Huerta Hernández,Leonardo Mauricio Jurado Ruiz
9,18,FXM,Ruth Maricela Sílva Andraca,Gabriela Velazquez Diaz
9,18,MOVIMIENTO CIUDADANO,ANA CELENE DELGANO VALENCIA,NATIVIDAD JARÓN CONTRERAS
9,18,PAN-PRI-PRD,Polimnia Romana Síerra Bárcena,Cecilia Lizbeth Sandoval Rojo
9,18,RSP,SANDRA GONZÁLEZ CALDERÓN,YENI JAQUELINE GONZÁLEZ MORALES
9,19,PT-MORENA,María Guadalupe Chávez Contreras,Donají Ofelia Olivera Reyes
9,19,PVEM,Cresencio Mendoza Gutiérrez,José Manuel Chávez Villanueva
9,19,ELIGE,Daniela Anahí Ramírez Reyes,Brenda Yuzalet Guzmán Flores
9,19,PES,Martín Leiva BaSílio,Adrián Mireles Chávez
9,19,FXM,Cuauhtémoc Castañeda Pacheco,Manuel Martínez Tellez
9,19,MOVIMIENTO CIUDADANO,Guillermo Sánchez Torres,Maria Fernanda Flores Cedillo
9,19,PAN-PRI-PRD,Gustavo Nabor Ojeda Delgado,CARLOS CHÁVEZ VELASCO
9,19,RSP,Gabriela Hernández De la Rosa,Miriam Yoali Guerrero Corrales
9,19,C-1,Erika Berenice Garrido Ortigosa,DIANA ELIZABETH FLORES GUERRERO
9,20,PT-MORENA,Anthea Terina Sansores Olvera,Monserrat Adriana Bosque Sánchez
9,20,PVEM,Jorge Agustín Zepeda Cruz,Oscar Hernández Sánchez
9,20,ELIGE,YESSICA JIMÉNEZ COLIN,Margarita López Jiménez
9,20,PES,Benjamín de Jesús Garduño Salcedo,Jorge Arturo Arguelles Echazarreta
9,20,FXM,Daniel Sandler Wintermann,VERÓNICA ITZEL MOYA CHÁVEZ
9,20,MOVIMIENTO CIUDADANO,Edmundo Jose Maria Cruz Cotero,Kevin Elias Manzanares Castellanos
9,20,PRI-PRD,María de Lourdes González Hernández,Guadalupe Barrón Hernández
9,20,PAN,José Gonzalo Espina Miranda,Mario Raphael De Cárcer
9,20,RSP,Karina Estévez Sánchez,Estefani Guadalupe Flores Reyes
9,21,PT-MORENA,Indali Pardillo Cadena,Joseline Morales Pliego
9,21,PVEM,María del Pilar Solórzano Bernal,Guadalupe Soria Morales
9,21,ELIGE,Yesenia Natali Rojas Álvarez,YOVANA ESPINOZA MONTIEL
9,21,PES,Uziel Medina Mejorada,Sergio Manuel Luna Jiménez
9,21,FXM,Edmundo Justino Matadamas Escobar,Milton Alberto Alejandro Matadamas Cerón
9,21,MOVIMIENTO CIUDADANO,Lilia Antonia Laguna Armijo,Ashley Scarlett Cobos Laguna
9,21,PRI-PRD,David Eleazar Quiroga Anguiano,EMILIANO ISAURO FILEMÓN JIMÉNEZ LÓPEZ
9,21,PAN,Georgina Munguia López,Sílvia Beltrán Cervantes
9,21,RSP,María de Lourdes Hernández Rojas,Gloría Lucía Guerrero Martínez
9,22,PT-MORENA,Esperanza Villalobos Pérez,María Alicia Artega Rangel
9,22,PVEM,Abril Yannette Trujillo Vázquez,Ruth Manuela Cortés Esquivel
9,22,ELIGE,Adrián García Quevedo ,Mario Jaramillo Sánchez
9,22,PES,CYNTHIA ADAME MOSENCAHUA,Leticia Roldan Rosas
9,22,FXM,Nidia Fernanda Aguilar Sedano,Aida Goméz  Zamora
9,22,MOVIMIENTO CIUDADANO,Brenda Trinidad Ramírez Sánchez,Flor Claudia Merlos Rodríguez
9,22,PAN,Ernesto Fernández TachiquiN,Raymundo Espinoza Amezquita
9,22,PRD,Paula Andrea Castillo Mendieta,Sílvia Margarita Rodríguez Hernández
9,22,PRI,Virginia Melo Miranda,Adriana Claudia Reyes Rendón
9,22,RSP,Edgar Adán Montero Alarcón,Carlos Fernando Alanís Martínez
9,23,PT-MORENA,Isabela Rosales Herrera,Alicia Medina  Hernández
9,23,PVEM,Paola Jounue Hernández López,Karina Itzel Muñoz Jimenez
9,23,ELIGE,María Luisa Cecilia González Guzmán,María Isabel Anguiano Gutiérrez
9,23,PES,Luz Perla Cruz Vázquez,Karla Fernanda Martínez Lujano
9,23,FXM,OSCAR DANIEL TORRES AYALA,Victor Manuel Cornejo Hernández
9,23,MOVIMIENTO CIUDADANO,LUCIA ALEJANDRA PUENTE GARCÍA ,Irma Fabiola Síerra Villegas
9,23,PAN,CLAUDIA MONTES DE OCA DEL OLMO,Ilse Ruth Ramírez Elizalde
9,23,PRD,GIOVANNA ESPERANZA ALVARADO CARRILLO,Yoseline DeSíre Soto Orduña
9,23,PRI,Jacqueline Villarreal García,Dayana Karen Peña Cortés
9,23,RSP,José Luis Jiménez García,Francisco Javier Salazar Guerrero
9,23,C-1,HUGO HERNANDEZ MENDOZA,JOSÉ PILAR GUADALUPE PUEBLA  MEJÍA
9,24,PT-MORENA,CARLOS CERVANTES GODOY,TITO  EMETERIO DOMÍNGUEZ CERÓN
9,24,PVEM,REBECA PERALTA LEON,Nidia Isabel Ancheyta Fernández
9,24,ELIGE,MIRNA JUÁEZ SAAVEDRA,ANA LIZBETH JUÁRE SAAVEDRA
9,24,PES,BALBINA CORRALES ARRIETA,TereSíta De Jesus Vargas Granados
9,24,FXM,ALINE AGUILAR MENOZA,YOLANDA CASIANO LOPEZ
9,24,MOVIMIENTO CIUDADANO,EMMANUEL ROJAS GUTIERREZ,Miguel Ángel Sánchez Flores
9,24,PAN-PRI-PRD,Gabriela Quiroga Anguiano,Verónica Daniela Álvarez Ponce de León
9,24,RSP,Ana Lilia Flores González,Arantza Sánchez Zamarripa
9,25,PT-MORENA,Circe Camacho Bastida ,Diana Laura Serralde Cruz
9,25,PVEM,Ana Julia Hernández Pérez,Verónica Sabas Adrade
9,25,ELIGE,ISMAEL MARÍN ROMERO,JOSÉ LUIS CHÁVEZ RAMÍREZ
9,25,PES,María Fernanda Pérez Carreón,Abigail Berenice Gaspar Rangel
9,25,FXM,Patricia Flores Escobar,Irma Guadarrama Anaya
9,25,MOVIMIENTO CIUDADANO,Omar de Jesus Perez Castellanos,Ivan  Rosales Juárez
9,25,PAN-PRI-PRD,Nitzia Lucero Rosas Chávez,Lorena Sánchez Becerril
9,25,RSP,PALOMA BECERRIL RAMIREZ,Nüzhet Dement Rosales Ávila
9,25,C-1,ISRAEL MORA GARDUÑO,DANIEL ALBERTO LÓPEZ ZAMORANO
9,25,C-2,ERNESTO NEGRETE GODOY,JAVIER ABAD GUZMÁN
9,26,PT-MORENA,LETICIA ESTHER VARELA MARTINEZ,Erika Mercedes Mayorga Basurto
9,26,PVEM,Araceli Citlali Nova Jiménez,Consuelo Stephanie Perea Morales
9,26,ELIGE,MARIO FRANCISCO ESTRADA CHÁVEZ,Natalia Barraza  Carbajal
9,26,PES,Lili Navas Pardillo,Karla Vanessa Flores Mota
9,26,FXM,José Oscar Casanova Islas ,Iván Josue Romo Valdovinos
9,26,MOVIMIENTO CIUDADANO,Carmen Julieta Macías Rábago,Jacqueline Gabriela Hernández Chavez
9,26,PRI-PRD,Saúl Alán Rosas Alvarado,Bernardo Navarro Guevara
9,26,PAN,Héctor Barrera Marmolejo,Juan Alberto Alcántara Samano
9,26,RSP,José Bernardo Rafael Espino del Castillo Barrón,Manuel Gálvez Cruz
9,27,PT-MORENA,Marisela Zúñiga Cerón,Tomasa Mora Rodríguez
9,27,PVEM,Penélope Campos González,Ana Gabriela Hernandez Castillo
9,27,ELIGE,GISELA REYNA GONZÁLEZ SÁNCHEZ,GUILLERMINA MORALES HERNÁNDEZ
9,27,PES,Ruth Martínez Landa,Margarita Hernández Cortes
9,27,FXM,AURORA MELO MIRANDA,CECILIA CANDELARIA SANTOS AMBROSIO
9,27,MOVIMIENTO CIUDADANO,Roberto Carlos Copado Godinez,Jorge Paz  Hernández
9,27,PRI-PRD,Nury Delia Ruiz Ovando,Dulce Mariela Flores Varela
9,27,PAN,Alondra Monserrat Pérez Fonseca,Casandra García León
9,27,RSP,José Moreno Martínez,Víctor Manuel Escamilla Vázquez
9,28,PT-MORENA,Martha Soledad Ávila Ventura,María del Carmen  Piña Martínez
9,28,PVEM,ROSARIO MUÑOZ MEZA,Karla Melina Huitrón Muñoz
9,28,ELIGE,LEONOR RODRÍGUEZ MELCHOR,Gloria Magdalena Granados  Leal
9,28,PES,EDMUNDO LÓPEZ DE LA ROSA,ROSA MARÍA RODRÍGUEZ ARROYO
9,28,FXM,SHIRLEY ERMINIA SALAZAR CORZO,SOCORRO RAMOS RODRÍGUEZ
9,28,MOVIMIENTO CIUDADANO,Nayaret Yazmin Calderón Martínez,Alejandra González Albarrán
9,28,PRI,Dulce Violeta Carrillo Jaime,Anahy Moreno Bueno
9,28,PAN-PRD,Andrea Evelyne Vicenteño Barrientos,Suri Zaday Aquino  Cholula
9,28,RSP,Mayte Camacho Flores,Karla Veronica Casas Fragoso
9,28,C-1,Angel Ildeberto Flores Molina,ALEJANDRA ALMARAZ FLORES
9,29,PT-MORENA,MIGUEL ANGEL MACEDO ESCARTIN,Gabriel Martínez Martínez
9,29,PVEM,THALIA RUIZ ENRIQUEZ,Marilyn Kristal Beltrán Soto
9,29,ELIGE,Rommel de la Torre Vera,José Luis Victor Ríos Sánchez
9,29,PES,Samuel Obed Hernández Salinas,Cyntia Itzel Portilla Rodríguez
9,29,FXM,Jorge Alberto Breña Tapia,Mario César  Hernández Ramirez
9,29,MOVIMIENTO CIUDADANO,Ana Alicia García Solís,Verónica Salvador  Salguero
9,29,PAN-PRI-PRD,Rosa Nelly De La Vega Urrutia,Teresa Guevara Garcés
9,29,RSP,Margarita Concepción Villalobos Ubaldo,Laura Ortiz Medina
9,30,PT-MORENA,SEBASTIAN RAMIREZ MENDOZA,Roberto Alejandro Castillo Cruz
9,30,PVEM,Ramón Gildardo Flores Ramírez,Guadalupe Juárez Resendiz
9,30,ELIGE,YARITZA ALEJANDRA MARTÍNEZ CORONA,MATILDE BELÉN ISLAS CHÁVEZ
9,30,PES,INGRID LEAL BRAVO,GETZEMANI DE LOS SANTOS RAMÍREZ
9,30,FXM,Yordi Ludwin Sílva González,Leonel Gerardo  Sílva Hernández
9,30,MOVIMIENTO CIUDADANO,Juan Rafael Soto Crúz,Jesus Urban Puerto
9,30,PRI-PRD,Jhonatan Colmenares Rentería,Jorge Bernardo Franco Asfura
9,30,PAN,Ricardo Rubio Torres,Daniel Eduardo Martínez Jarero
9,30,RSP,Vanessa Edith Arellano Carranza,Valeria Priscila Reséndiz Blanco
9,31,PT-MORENA,Miriam Valeria Cruz Flores,Ameyalli Reyes Bones
9,31,PVEM,Christopher Antonio Alva Bautista,NANCY GUADALUPE DE JESÚS JANTES
9,31,ELIGE,ÁNGEL JOSÉ LÓPEZ LÓPEZ,RAQUEL GARCÍA TREJO
9,31,PES,Sandra Ibeth Cardona Pulido,Maribel Zamora Granados
9,31,FXM,Janet Adriana Hernández Sotelo,Yuliana Betancourt Cervantes
9,31,MOVIMIENTO CIUDADANO,ANA KAREN RONQUILLO CRISPÍN,ROSA ISELA FLORES MORALES
9,31,PAN-PRI-PRD,Efrén Sánchez Jiménez,Lucio Ávila Montiel
9,31,RSP,Rebeca Godínez Peralta,Ximena Hernánadez Díaz
9,32,PT-MORENA,Gerardo Villanueva Albarrán,Julio Pérez Guzmán
9,32,PVEM,Sandra Calzada Beltrán,KARINA ARANET ORTEGA LÓPEZ
9,32,ELIGE,Juan Francisco Martínez Ventura,María Gutiérrez Lagarde
9,32,PES,Anabel García Landa,Aurora Centeno Guerrero
9,32,FXM,ANA GABRIELA SALDAÑA CHÁVEZ,LIBERTAD IVONNE FLORES BAENA
9,32,MOVIMIENTO CIUDADANO,Sofia Margarita Provencio O Donoghue,Lina Mariela Diazconti Ramírez
9,32,PAN-PRI-PRD,Desíree Guadalupe Navarro López,Ileana Beatriz Pardo Hernández
9,32,RSP,Mariela Herrera Padilla,ELIZABETH GONZÁLEZ BLANCO
9,33,PT-MORENA,José Fernando Mercado Guaida,Óscar López Ramírez
9,33,PVEM,Gerardo Serrano López ,MARCELO LABASTIDA YÉPEZ
9,33,ELIGE,Rafael Adolfo Rodríguez Aguilar,Claudia  García Gutiérrez
9,33,PES,Mariana Aidee Ortega Segovia,Wendy Guadalupe Camacho Salinas
9,33,FXM,Claudia Guadalupe Salgado Arizmendi,Gabriela Concepción Menchaca Cerbón
9,33,MOVIMIENTO CIUDADANO,Patricia Barragán Pacheco,Emma Ivet Gómez García
9,33,PAN-PRI-PRD,Ernesto Alarcón Jiménez,Manuel Ignacio García Ortega
9,33,RSP,Ana María Olmos Hernández,María Magdalena Zamora Beltran
9,33,C-1,Marco Antonio Reyes García,JOSÉ RENÉ QUINTANAR TELLO
